,category,precision_@0.5IOU,recall_@0.5IOU
0,Wortel,0.6949152542372882,0.5290322580645161
1,Tomat,0.6426735218508998,0.764525993883792
2,Kubis,0.6141732283464567,0.78
3,Pisang,0.9070796460176991,0.8282828282828283
